product_id,field_key,value_type,value,unit,value_semantics,source_name,source_kind,source_url,authority,exact_model_association,retrieved_at,conditions_json,caveats
frame5,mount,string,16x16,mm,motor mounting pattern,iFlight,manufacturer,https://shop.iflight.com/Evoque-F5-V2-Frame-Kit-Pro1887,manufacturer,false,2026-09-28T00:00:00Z,{},Static ID does not establish the V2 revision or distinguish F5X from F5D geometry
esc55,escAmps,number,55,A,manufacturer ESC current rating,T-Motor,manufacturer,https://store.tmotor.com/product/f55a-pro-v2-4in1-fpv-esc.html,manufacturer,true,2026-09-28T00:00:00Z,{},Rating semantics still require continuous/burst evidence before motor-current compatibility can be verified
esc55,minVoltage,number,3,cells,minimum supported LiPo cell count,T-Motor,manufacturer,https://store.tmotor.com/product/f55a-pro-v2-4in1-fpv-esc.html,manufacturer,true,2026-09-28T00:00:00Z,{},Manufacturer page states 3-6S
esc55,maxVoltage,number,6,cells,maximum supported LiPo cell count,T-Motor,manufacturer,https://store.tmotor.com/product/f55a-pro-v2-4in1-fpv-esc.html,manufacturer,true,2026-09-28T00:00:00Z,{},Manufacturer page states 3-6S
cameraFpv,weight,number,9,g,net camera weight,RunCam,manufacturer,https://shop.runcam.com/runcam-phoenix-2/,manufacturer,true,2026-09-28T00:00:00Z,{},Exact Phoenix 2 product page
cameraFpv,video,string,analog,,normalized video transport class,RunCam,manufacturer,https://shop.runcam.com/runcam-phoenix-2/,manufacturer,true,2026-09-28T00:00:00Z,{},Normalized from manufacturer PAL/NTSC analog signal specification
receiver,weight,number,0.5,g,receiver-only weight,Team BlackSheep,manufacturer,https://www.team-blacksheep.com/products/prod:crossfire_nano_rx,manufacturer,true,2026-09-28T00:00:00Z,{},Exact Crossfire Nano RX product page
cameraFpv,cameraVideoInterface,string,analog,,normalized FPV video transport class,RunCam,manufacturer,https://shop.runcam.com/runcam-phoenix-2/,manufacturer,true,2026-09-28T00:00:00Z,{},Manufacturer specifies PAL/NTSC analog video
cameraFpv,cameraMinVoltageV,number,5,V,minimum DC input voltage,RunCam,manufacturer,https://shop.runcam.com/runcam-phoenix-2/,manufacturer,true,2026-09-28T00:00:00Z,{},Manufacturer power range is DC 5-36V
cameraFpv,cameraMaxVoltageV,number,36,V,maximum DC input voltage,RunCam,manufacturer,https://shop.runcam.com/runcam-phoenix-2/,manufacturer,true,2026-09-28T00:00:00Z,{},Manufacturer power range is DC 5-36V
cameraFpv,cameraWidthMm,number,19,mm,camera housing width,RunCam,manufacturer,https://shop.runcam.com/runcam-phoenix-2/,manufacturer,true,2026-09-28T00:00:00Z,{},Manufacturer dimensions are 19x19x19mm
cameraFpv,cameraHeightMm,number,19,mm,camera housing height,RunCam,manufacturer,https://shop.runcam.com/runcam-phoenix-2/,manufacturer,true,2026-09-28T00:00:00Z,{},Manufacturer dimensions are 19x19x19mm
cameraFpv,cameraDepthMm,number,19,mm,camera housing depth,RunCam,manufacturer,https://shop.runcam.com/runcam-phoenix-2/,manufacturer,true,2026-09-28T00:00:00Z,{},Manufacturer dimensions are 19x19x19mm
receiver,receiverProtocol,string,TBS Crossfire,,radio system family,Team BlackSheep,manufacturer,https://www.team-blacksheep.com/products/prod:crossfire_nano_rx,manufacturer,true,2026-09-28T00:00:00Z,{},Exact Crossfire Nano RX product
receiver,receiverSignalInterface,string,CRSF,,receiver signal format,Team BlackSheep,manufacturer,https://www.team-blacksheep.com/products/prod:crossfire_nano_rx,manufacturer,true,2026-09-28T00:00:00Z,{},Manufacturer signal format is CRSF
receiver,receiverFrequencyMinMhz,number,868,MHz,minimum RF frequency,Team BlackSheep,manufacturer,https://www.team-blacksheep.com/products/prod:crossfire_nano_rx,manufacturer,true,2026-09-28T00:00:00Z,{},Manufacturer frequency minimum is 868MHz
receiver,receiverFrequencyMaxMhz,number,915,MHz,maximum RF frequency,Team BlackSheep,manufacturer,https://www.team-blacksheep.com/products/prod:crossfire_nano_rx,manufacturer,true,2026-09-28T00:00:00Z,{},Manufacturer frequency maximum is 915MHz
receiver,receiverMinVoltageV,number,3.3,V,minimum receiver input voltage,Team BlackSheep,manufacturer,https://www.team-blacksheep.com/products/prod:crossfire_nano_rx,manufacturer,true,2026-09-28T00:00:00Z,{},Manufacturer input voltage minimum is 3.3V
receiver,receiverMaxVoltageV,number,8.4,V,maximum receiver input voltage,Team BlackSheep,manufacturer,https://www.team-blacksheep.com/products/prod:crossfire_nano_rx,manufacturer,true,2026-09-28T00:00:00Z,{},Manufacturer input voltage maximum is 8.4V
receiver,receiverWidthMm,number,18,mm,receiver housing width,Team BlackSheep,manufacturer,https://www.team-blacksheep.com/products/prod:crossfire_nano_rx,manufacturer,true,2026-09-28T00:00:00Z,{},Manufacturer width is 18mm
receiver,receiverHeightMm,number,11,mm,receiver housing height,Team BlackSheep,manufacturer,https://www.team-blacksheep.com/products/prod:crossfire_nano_rx,manufacturer,true,2026-09-28T00:00:00Z,{},Manufacturer height is 11mm
receiver,receiverDepthMm,number,11,mm,receiver housing length,Team BlackSheep,manufacturer,https://www.team-blacksheep.com/products/prod:crossfire_nano_rx,manufacturer,true,2026-09-28T00:00:00Z,{},Manufacturer length is 11mm
