pilot_id,category,brand,model,manufacturer_url,review_gate
"72","camera","Foxeer","Razer Mini Standard FPV Camera","https://www.foxeer.com/1200tvl-foxeer-mini-standard-razer-fpv-camera-pal-ntsc-switchable-4ms-latency-g-266","SKU and exact revision not verified; official page intermittently inaccessible"
"143","camera","TBS","TBS 69 FPV Camera","https://www.team-blacksheep.com/products/prod:tbs69","BLOWOUT/older product; active EU stock unverified"
"147","camera","TBS","Ultra Tiny FPV Camera","https://www.team-blacksheep.com/products/prod:ultra_tiny_camera","Detailed video/electrical specs and revision unverified"
"132","esc","TBS","Lucid 6S 4-in-1 ESC","https://www.team-blacksheep.com/products/prod:lucid_4in1","Official 3-6S and 4x60A; EUR offer outstanding"
"133","esc","TBS","Lucid 8S 4-in-1 ESC","https://www.team-blacksheep.com/products/prod:lucid_8S4in1","Distinct from 6S; specification and EUR stock outstanding"
"168","esc","SpeedyBee","F7 V3 BL32 50A 4-in-1 ESC","https://www.speedybee.com/speedybee-f7-v3-bl32-50a-4-in-1-esc/","Shop SKU known; firmware/availability check outstanding"
"134","flightController","TBS","Lucid H7 FC","https://www.team-blacksheep.com/products/prod:lucid_h7","STM32H743 and 2-8S from official page; EUR offer outstanding"
"136","flightController","TBS","Lucid FC Freestyle","https://www.team-blacksheep.com/products/prod:lucidfc_freestyle","Full mandatory technical fields from official manual outstanding"
"162","flightController","SpeedyBee","F405 AIO 40A Bluejay","https://www.speedybee.com/speedybee-f405-aio-40a-bluejay-25-5x25-5-3-6s-flight-controller/","FC plus integrated ESC; avoid duplicative FC/ESC indexing"
"159","frame","SpeedyBee","Bee35 3.5-inch Frame","https://www.speedybee.com/speedybee-bee35-3-5-inch-frame/","O4P-SE vendor SKU differs from generic RCTech version; not an exact EU offer"
"171","frame","SpeedyBee","Master3X 3-3.6-inch Frame","https://www.speedybee.com/speedybee-master3x-frame/","SKU Without Head only; do not cross-link optional heads"
"155","motors","SpeedyBee","1404 4600KV Bee25 V3 1-piece Motor","https://www.speedybee.com/speedybee-1404-4600kv-motor-bee25-2-5-inch-fpv/","Manufacturer V3 SKU; local merchant listing is V2"
"156","motors","SpeedyBee","1507 3600KV Master3X Motor","https://www.speedybee.com/speedybee-1507-3600kv-motor-master3x-3-3-6-inch-fpv/","1-piece vs 4-piece package variants"
"157","motors","SpeedyBee","2006 1950KV Bee35 Motor","https://www.speedybee.com/speedybee-2006-1950kv-motor-bee35-3-5-inch-fpv/","1-piece vs multi-pack variant outstanding"
"158","motors","SpeedyBee","2306.5 1800KV Master5V2 Motor","https://www.speedybee.com/speedybee-2306-5-1800kv-motor-master5v2-5-inch-fpv/","Exact pack SKU and current EU offer outstanding"
"3","propellers","HQProp ETHIX","K2 Bubble Gum","https://www.hqprop.com/ethix-k2-bubble-gum-2cw2ccw-poly-carbonate-p0227.html","Source identifier may be EAN; model-specific diameter/pitch proof"
"4","propellers","HQProp ETHIX","P2 Pickle","https://www.hqprop.com/ethix-p2-pickle-prop-2cw2ccw-poly-carbonate-p0459.html","Model matching EUR lead; live stock check needed"
"5","propellers","HQProp ETHIX","P3 Peanut Butter and Jelly","https://www.hqprop.com/ethix-p3-peanut-butter-jelly-prop-2cw2ccw-poly-carbonate-p0276.html","EAN must not be blindly treated as unique manufacturer SKU"
"6","propellers","HQProp ETHIX","P3.3 Mango Lassi","https://www.hqprop.com/ethix-p33html-p0389.html","Validate diameter and pitch for exact model"
"123","receiver","TBS","Crossfire Micro RX V2","https://www.team-blacksheep.com/products/prod:crossfire_mrx","Exact V2 distinction and EUR offer outstanding"
"126","receiver","TBS","Crossfire Nano RX SE","https://www.team-blacksheep.com/products/prod:crossfire_nano_se","Exact SE merchant lead; older stock snippet not live verification"
"145","receiver","TBS","Tracer Nano RX","https://www.team-blacksheep.com/products/prod:tracer_nanorx","2.4GHz, not Crossfire; EUR offer outstanding"
"124","receiver","TBS","Crossfire Nano RX Pro","https://www.team-blacksheep.com/products/prod:crossfire_nano_pro","Pro is distinct from plain RX, SE, and Diversity"
"NEU-CNHL-3S-1300","battery","CNHL","Black V2 1300mAh 3S 130C XT60","https://chinahobbyline.com/de/collections/cnhl-voltage-11-1v-3s-lipo-batteries/products/cnhl-black-series-1300mah-11-1v-3s-130c-lipo-battery-with-xt60-plug","Additional manufacturer source (not in original 171); EUR in-stock exact offer outstanding"
"NEU-CNHL-4S-1500","battery","CNHL","Black V2 1500mAh 4S 130C XT60","https://chinahobbyline.com/collections/eu-warehouse/products/2-packs-cnhl-black-series-v2-0-1500mah-14-8v-4s-130c-lipo-battery-with-xt60-plug","Additional source; manufacturer listing is 2-pack, do not copy pack pricing to individual item"
"NEU-GEPRC-VAPOR-D5","frame","GEPRC","Vapor-D5 Frame","https://geprc.com/product/gep-vapor-d5-frame/","Additional 5-inch frame, SKU GP107480, no verified exact EU EUR offer"
